Program Types_Counseling/Therapy,Stress Sources_None,Program Types_Other,Program Types_Education/Vocational Training,Stress Sources_Relationships
1.0,1.0,1.0,0.0,1.0
0.0,0.0,1.0,0.0,1.0
0.0,0.0,0.0,0.0,1.0
0.0,0.0,1.0,0.0,1.0
0.0,0.0,0.0,1.0,1.0
0.0,1.0,0.0,1.0,1.0
1.0,0.0,1.0,0.0,1.0
0.0,1.0,1.0,1.0,1.0
0.0,0.0,0.0,0.0,0.0
0.0,0.0,1.0,1.0,0.0
1.0,0.0,0.0,1.0,0.0
0.0,0.0,1.0,0.0,1.0
0.0,1.0,0.0,1.0,0.0
0.0,1.0,0.0,0.0,1.0
0.0,0.0,1.0,1.0,0.0
0.0,1.0,0.0,1.0,1.0
0.0,0.0,1.0,0.0,0.0
0.0,0.0,0.0,1.0,0.0
0.0,0.0,0.0,1.0,0.0
1.0,1.0,0.0,0.0,0.0
0.0,0.0,0.0,1.0,1.0
1.0,0.0,0.0,0.0,1.0
0.0,1.0,0.0,0.0,0.0
1.0,0.0,0.0,0.0,0.0
1.0,0.0,0.0,1.0,0.0
0.0,1.0,1.0,1.0,1.0
0.0,0.0,0.0,1.0,0.0
0.0,0.0,1.0,0.0,1.0
1.0,0.0,0.0,1.0,0.0
1.0,0.0,0.0,1.0,1.0
0.0,1.0,0.0,0.0,1.0
0.0,1.0,0.0,1.0,0.0
0.0,0.0,0.0,0.0,0.0
0.0,1.0,0.0,1.0,0.0
0.0,0.0,1.0,0.0,0.0
1.0,0.0,0.0,0.0,0.0
0.0,1.0,0.0,0.0,1.0
0.0,0.0,0.0,1.0,0.0
0.0,0.0,1.0,0.0,1.0
0.0,0.0,1.0,1.0,1.0
0.0,1.0,0.0,0.0,1.0
0.0,0.0,0.0,1.0,1.0
0.0,0.0,0.0,1.0,0.0
1.0,0.0,0.0,1.0,1.0
0.0,0.0,0.0,1.0,1.0
0.0,0.0,1.0,0.0,1.0
0.0,0.0,0.0,1.0,0.0
1.0,0.0,0.0,0.0,0.0
1.0,0.0,0.0,0.0,0.0
0.0,0.0,0.0,1.0,1.0
0.0,0.0,0.0,1.0,1.0
0.0,0.0,0.0,0.0,1.0
1.0,0.0,1.0,0.0,0.0
1.0,0.0,0.0,1.0,1.0
0.0,0.0,1.0,0.0,0.0
1.0,0.0,0.0,0.0,0.0
1.0,0.0,1.0,0.0,0.0
1.0,0.0,1.0,0.0,0.0
1.0,1.0,1.0,0.0,0.0
1.0,0.0,1.0,0.0,0.0
0.0,0.0,0.0,1.0,0.0
0.0,1.0,0.0,1.0,0.0
1.0,0.0,1.0,0.0,1.0
0.0,0.0,0.0,1.0,0.0
1.0,1.0,1.0,0.0,0.0
1.0,0.0,0.0,0.0,0.0
0.0,0.0,0.0,1.0,0.0
0.0,0.0,1.0,0.0,1.0
1.0,1.0,1.0,1.0,0.0
1.0,0.0,1.0,0.0,0.0
0.0,1.0,1.0,1.0,0.0
1.0,0.0,0.0,1.0,0.0
0.0,0.0,1.0,1.0,0.0
0.0,1.0,0.0,0.0,0.0
1.0,0.0,1.0,1.0,1.0
0.0,0.0,0.0,1.0,0.0
1.0,0.0,0.0,0.0,1.0
0.0,1.0,1.0,0.0,0.0
0.0,0.0,0.0,0.0,1.0
0.0,0.0,0.0,1.0,0.0
0.0,0.0,1.0,0.0,0.0
0.0,1.0,0.0,1.0,0.0
1.0,1.0,0.0,1.0,1.0
0.0,1.0,0.0,1.0,1.0
0.0,1.0,0.0,0.0,1.0
0.0,0.0,0.0,0.0,0.0
1.0,0.0,0.0,0.0,0.0
1.0,0.0,0.0,0.0,0.0
0.0,1.0,1.0,0.0,0.0
1.0,0.0,1.0,0.0,1.0
1.0,0.0,0.0,0.0,0.0
0.0,0.0,1.0,0.0,0.0
0.0,1.0,0.0,0.0,0.0
0.0,0.0,0.0,0.0,1.0
0.0,0.0,0.0,0.0,1.0
0.0,1.0,0.0,1.0,0.0
1.0,0.0,0.0,0.0,1.0
0.0,0.0,0.0,1.0,0.0
1.0,1.0,0.0,1.0,0.0
0.0,1.0,1.0,0.0,0.0
0.0,0.0,1.0,0.0,0.0
0.0,0.0,1.0,0.0,1.0
0.0,1.0,0.0,1.0,0.0
1.0,1.0,0.0,0.0,1.0
1.0,0.0,0.0,0.0,1.0
0.0,0.0,1.0,0.0,0.0
1.0,0.0,1.0,1.0,0.0
1.0,1.0,1.0,0.0,0.0
1.0,1.0,0.0,1.0,0.0
0.0,0.0,1.0,1.0,1.0
0.0,0.0,0.0,0.0,1.0
1.0,0.0,1.0,0.0,0.0
0.0,0.0,0.0,0.0,0.0
1.0,0.0,1.0,1.0,1.0
0.0,1.0,1.0,0.0,0.0
0.0,0.0,0.0,0.0,1.0
0.0,0.0,0.0,1.0,1.0
0.0,1.0,0.0,1.0,0.0
1.0,0.0,0.0,0.0,0.0
0.0,0.0,0.0,0.0,0.0
1.0,1.0,0.0,0.0,0.0
0.0,0.0,0.0,1.0,0.0
0.0,1.0,1.0,0.0,0.0
1.0,1.0,1.0,1.0,0.0
1.0,0.0,1.0,1.0,1.0
1.0,0.0,1.0,0.0,0.0
0.0,1.0,0.0,0.0,1.0
0.0,1.0,1.0,1.0,1.0
0.0,1.0,0.0,1.0,0.0
1.0,0.0,0.0,0.0,0.0
0.0,1.0,0.0,1.0,1.0
1.0,0.0,0.0,0.0,0.0
0.0,0.0,0.0,0.0,1.0
0.0,1.0,1.0,0.0,0.0
0.0,1.0,1.0,1.0,0.0
0.0,0.0,0.0,0.0,0.0
1.0,1.0,0.0,0.0,1.0
0.0,0.0,1.0,0.0,0.0
0.0,0.0,1.0,0.0,0.0
0.0,1.0,0.0,1.0,1.0
0.0,0.0,1.0,0.0,0.0
0.0,1.0,0.0,1.0,1.0
0.0,1.0,1.0,1.0,0.0
0.0,0.0,1.0,1.0,0.0
0.0,0.0,0.0,1.0,1.0
0.0,0.0,0.0,0.0,1.0
0.0,1.0,1.0,0.0,0.0
0.0,0.0,0.0,1.0,1.0
1.0,1.0,0.0,1.0,0.0
0.0,0.0,0.0,0.0,0.0
0.0,0.0,1.0,0.0,0.0
0.0,0.0,0.0,1.0,1.0
1.0,0.0,0.0,0.0,0.0
0.0,1.0,1.0,1.0,0.0
1.0,0.0,1.0,0.0,0.0
1.0,0.0,0.0,1.0,1.0
0.0,0.0,1.0,1.0,1.0
0.0,1.0,1.0,0.0,0.0
1.0,0.0,0.0,1.0,0.0
1.0,0.0,0.0,1.0,1.0
0.0,1.0,0.0,1.0,1.0
1.0,1.0,1.0,1.0,1.0
1.0,0.0,1.0,0.0,1.0
1.0,0.0,0.0,0.0,0.0
0.0,0.0,0.0,0.0,0.0
0.0,0.0,0.0,1.0,1.0
0.0,0.0,0.0,0.0,1.0
1.0,1.0,0.0,1.0,0.0
1.0,0.0,1.0,0.0,1.0
0.0,1.0,0.0,1.0,1.0
1.0,0.0,1.0,1.0,0.0
1.0,0.0,0.0,0.0,1.0
1.0,1.0,0.0,0.0,0.0
0.0,1.0,0.0,1.0,0.0
0.0,0.0,0.0,0.0,0.0
1.0,0.0,0.0,0.0,0.0
0.0,1.0,1.0,0.0,0.0
0.0,1.0,1.0,1.0,1.0
1.0,0.0,1.0,0.0,0.0
1.0,0.0,1.0,0.0,0.0
0.0,1.0,0.0,0.0,0.0
0.0,0.0,0.0,1.0,0.0
0.0,0.0,0.0,0.0,1.0
1.0,0.0,0.0,0.0,1.0
0.0,1.0,1.0,0.0,1.0
0.0,1.0,0.0,0.0,1.0
0.0,1.0,0.0,1.0,0.0
1.0,0.0,0.0,0.0,1.0
0.0,0.0,0.0,1.0,0.0
0.0,0.0,1.0,1.0,0.0
1.0,0.0,0.0,0.0,0.0
1.0,0.0,1.0,1.0,0.0
1.0,0.0,0.0,0.0,1.0
0.0,0.0,1.0,0.0,0.0
0.0,0.0,0.0,0.0,1.0
1.0,0.0,0.0,1.0,0.0
0.0,1.0,0.0,0.0,0.0
1.0,0.0,0.0,1.0,1.0
1.0,1.0,0.0,1.0,0.0
1.0,0.0,0.0,0.0,1.0
1.0,0.0,0.0,0.0,0.0
0.0,0.0,0.0,1.0,0.0
1.0,0.0,1.0,0.0,0.0
0.0,1.0,0.0,1.0,1.0
1.0,1.0,0.0,0.0,0.0
0.0,1.0,1.0,0.0,0.0
1.0,0.0,0.0,1.0,0.0
1.0,0.0,0.0,0.0,0.0
0.0,1.0,0.0,0.0,1.0
1.0,0.0,0.0,0.0,0.0
0.0,0.0,0.0,0.0,1.0
0.0,0.0,1.0,0.0,1.0
1.0,0.0,1.0,0.0,1.0
0.0,0.0,1.0,1.0,1.0
0.0,0.0,1.0,0.0,0.0
1.0,0.0,0.0,0.0,0.0
0.0,0.0,0.0,1.0,1.0
1.0,0.0,0.0,1.0,0.0
0.0,0.0,1.0,0.0,0.0
1.0,0.0,0.0,1.0,1.0
0.0,0.0,1.0,0.0,0.0
0.0,0.0,0.0,1.0,0.0
1.0,0.0,0.0,1.0,0.0
1.0,1.0,0.0,0.0,1.0
1.0,0.0,0.0,0.0,1.0
1.0,0.0,0.0,0.0,1.0
0.0,1.0,1.0,1.0,0.0
0.0,1.0,0.0,1.0,1.0
0.0,1.0,1.0,0.0,1.0
0.0,1.0,1.0,0.0,0.0
0.0,0.0,0.0,0.0,0.0
0.0,0.0,1.0,0.0,1.0
0.0,0.0,0.0,0.0,0.0
0.0,0.0,0.0,0.0,0.0
0.0,0.0,0.0,0.0,0.0
0.0,1.0,1.0,0.0,1.0
1.0,0.0,0.0,0.0,1.0
1.0,0.0,0.0,1.0,0.0
0.0,1.0,0.0,1.0,1.0
1.0,1.0,1.0,0.0,0.0
1.0,0.0,0.0,1.0,0.0
1.0,0.0,0.0,1.0,0.0
1.0,0.0,0.0,0.0,0.0
0.0,0.0,1.0,0.0,0.0
0.0,0.0,1.0,1.0,1.0
0.0,0.0,0.0,1.0,0.0
1.0,1.0,0.0,0.0,1.0
0.0,1.0,0.0,0.0,1.0
0.0,1.0,0.0,0.0,1.0
0.0,1.0,0.0,0.0,1.0
1.0,0.0,0.0,0.0,0.0
0.0,0.0,1.0,1.0,0.0
0.0,0.0,0.0,1.0,1.0
0.0,0.0,1.0,0.0,0.0
0.0,1.0,0.0,0.0,0.0
0.0,0.0,0.0,1.0,1.0
1.0,1.0,0.0,0.0,0.0
0.0,0.0,1.0,0.0,0.0
0.0,1.0,0.0,1.0,1.0
0.0,1.0,0.0,0.0,1.0
1.0,0.0,1.0,0.0,1.0
1.0,0.0,1.0,0.0,0.0
0.0,0.0,0.0,1.0,1.0
1.0,0.0,0.0,0.0,0.0
1.0,1.0,1.0,0.0,0.0
1.0,0.0,0.0,0.0,0.0
1.0,1.0,1.0,0.0,1.0
0.0,0.0,1.0,1.0,0.0
0.0,0.0,0.0,1.0,1.0
1.0,0.0,1.0,1.0,0.0
0.0,0.0,1.0,1.0,1.0
0.0,0.0,0.0,0.0,0.0
1.0,1.0,0.0,0.0,1.0
1.0,0.0,0.0,0.0,0.0
0.0,1.0,1.0,0.0,0.0
0.0,0.0,0.0,1.0,1.0
1.0,0.0,1.0,0.0,0.0
1.0,0.0,0.0,0.0,0.0
1.0,1.0,1.0,0.0,1.0
1.0,0.0,0.0,0.0,0.0
1.0,0.0,0.0,0.0,1.0
0.0,0.0,0.0,0.0,1.0
1.0,0.0,0.0,1.0,0.0
0.0,0.0,1.0,0.0,1.0
0.0,1.0,0.0,1.0,0.0
0.0,1.0,1.0,0.0,0.0
1.0,0.0,0.0,0.0,1.0
0.0,1.0,1.0,1.0,0.0
0.0,0.0,0.0,1.0,1.0
0.0,0.0,1.0,0.0,1.0
1.0,0.0,0.0,0.0,1.0
1.0,1.0,0.0,0.0,1.0
1.0,1.0,1.0,1.0,0.0
0.0,0.0,0.0,0.0,0.0
0.0,1.0,0.0,1.0,1.0
0.0,0.0,1.0,0.0,1.0
0.0,0.0,0.0,0.0,0.0
0.0,0.0,0.0,1.0,0.0
0.0,1.0,0.0,1.0,1.0
1.0,0.0,0.0,1.0,0.0
0.0,1.0,0.0,1.0,1.0
1.0,0.0,1.0,0.0,0.0
0.0,1.0,1.0,0.0,0.0
1.0,0.0,0.0,1.0,0.0
0.0,1.0,0.0,1.0,1.0
1.0,0.0,0.0,1.0,0.0
1.0,0.0,0.0,0.0,1.0
0.0,0.0,1.0,0.0,0.0
1.0,1.0,1.0,0.0,1.0
0.0,0.0,0.0,1.0,1.0
0.0,0.0,1.0,0.0,0.0
0.0,0.0,1.0,0.0,1.0
1.0,1.0,0.0,1.0,1.0
0.0,0.0,0.0,1.0,0.0
1.0,1.0,0.0,1.0,1.0
1.0,1.0,0.0,1.0,1.0
1.0,0.0,0.0,1.0,0.0
1.0,0.0,1.0,0.0,0.0
0.0,0.0,1.0,0.0,0.0
0.0,1.0,1.0,0.0,0.0
0.0,0.0,1.0,1.0,0.0
1.0,0.0,0.0,0.0,0.0
1.0,0.0,1.0,0.0,0.0
0.0,0.0,1.0,1.0,1.0
1.0,0.0,0.0,0.0,1.0
0.0,1.0,1.0,0.0,0.0
0.0,0.0,1.0,1.0,0.0
0.0,1.0,1.0,0.0,1.0
0.0,0.0,1.0,0.0,0.0
1.0,0.0,0.0,0.0,1.0
0.0,0.0,1.0,0.0,0.0
1.0,1.0,0.0,0.0,1.0
0.0,0.0,0.0,1.0,0.0
0.0,1.0,0.0,0.0,1.0
0.0,0.0,1.0,0.0,0.0
0.0,0.0,0.0,0.0,0.0
0.0,1.0,0.0,0.0,0.0
1.0,0.0,1.0,1.0,0.0
0.0,0.0,0.0,0.0,1.0
1.0,0.0,0.0,1.0,0.0
0.0,0.0,1.0,1.0,0.0
0.0,0.0,0.0,0.0,0.0
1.0,0.0,0.0,0.0,0.0
0.0,0.0,0.0,0.0,0.0
0.0,0.0,0.0,0.0,0.0
0.0,1.0,0.0,1.0,1.0
0.0,1.0,0.0,1.0,1.0
0.0,0.0,1.0,0.0,1.0
1.0,1.0,0.0,0.0,0.0
0.0,0.0,0.0,1.0,0.0
1.0,0.0,0.0,1.0,0.0
1.0,0.0,0.0,0.0,0.0
1.0,0.0,1.0,0.0,1.0
0.0,0.0,0.0,0.0,0.0
0.0,1.0,1.0,0.0,1.0
0.0,1.0,0.0,0.0,0.0
1.0,1.0,0.0,1.0,0.0
1.0,1.0,0.0,1.0,1.0
1.0,0.0,0.0,1.0,0.0
0.0,0.0,1.0,0.0,0.0
0.0,0.0,1.0,1.0,0.0
0.0,0.0,1.0,0.0,1.0
1.0,0.0,0.0,0.0,1.0
0.0,0.0,1.0,0.0,1.0
0.0,0.0,0.0,1.0,1.0
0.0,0.0,0.0,0.0,1.0
0.0,0.0,1.0,0.0,0.0
0.0,0.0,1.0,0.0,0.0
0.0,0.0,0.0,1.0,1.0
0.0,0.0,0.0,1.0,0.0
0.0,1.0,0.0,1.0,1.0
0.0,1.0,1.0,0.0,0.0
1.0,0.0,1.0,0.0,1.0
0.0,0.0,0.0,0.0,0.0
0.0,1.0,0.0,0.0,0.0
1.0,0.0,0.0,1.0,0.0
0.0,1.0,1.0,1.0,0.0
0.0,0.0,0.0,1.0,0.0
0.0,0.0,0.0,0.0,1.0
1.0,0.0,0.0,1.0,0.0
0.0,0.0,0.0,1.0,0.0
1.0,0.0,0.0,1.0,0.0
0.0,0.0,1.0,0.0,0.0
0.0,0.0,1.0,0.0,0.0
0.0,0.0,1.0,1.0,1.0
0.0,0.0,1.0,0.0,1.0
0.0,1.0,0.0,1.0,0.0
1.0,0.0,0.0,0.0,0.0
0.0,1.0,0.0,0.0,1.0
0.0,0.0,0.0,0.0,0.0
1.0,0.0,0.0,1.0,1.0
1.0,1.0,0.0,1.0,1.0
1.0,0.0,0.0,0.0,1.0
0.0,0.0,1.0,1.0,0.0
0.0,1.0,0.0,1.0,0.0
1.0,0.0,0.0,0.0,1.0
1.0,0.0,1.0,0.0,0.0
0.0,0.0,0.0,1.0,1.0
0.0,0.0,0.0,0.0,1.0
1.0,0.0,0.0,1.0,1.0
0.0,0.0,1.0,0.0,0.0
0.0,1.0,1.0,0.0,0.0
1.0,0.0,1.0,1.0,0.0
0.0,0.0,0.0,0.0,0.0
0.0,0.0,0.0,0.0,1.0
0.0,0.0,1.0,0.0,0.0
0.0,1.0,0.0,1.0,0.0
1.0,1.0,1.0,0.0,0.0
0.0,1.0,1.0,1.0,0.0
0.0,0.0,0.0,1.0,0.0
1.0,0.0,0.0,0.0,0.0
0.0,0.0,1.0,1.0,1.0
0.0,0.0,0.0,1.0,1.0
1.0,1.0,0.0,0.0,1.0
0.0,1.0,1.0,1.0,1.0
0.0,0.0,1.0,1.0,0.0
1.0,0.0,0.0,0.0,1.0
1.0,1.0,0.0,1.0,0.0
0.0,0.0,0.0,0.0,0.0
0.0,0.0,0.0,1.0,1.0
0.0,0.0,0.0,1.0,0.0
0.0,0.0,0.0,0.0,0.0
0.0,0.0,0.0,0.0,1.0
1.0,0.0,1.0,0.0,0.0
0.0,1.0,0.0,0.0,0.0
0.0,0.0,0.0,0.0,1.0
0.0,1.0,0.0,1.0,0.0
0.0,0.0,1.0,0.0,0.0
0.0,0.0,0.0,1.0,1.0
0.0,0.0,0.0,1.0,1.0
1.0,0.0,0.0,0.0,0.0
1.0,0.0,0.0,0.0,0.0
1.0,0.0,0.0,0.0,1.0
0.0,1.0,0.0,1.0,0.0
0.0,0.0,0.0,1.0,0.0
0.0,1.0,0.0,0.0,1.0
1.0,0.0,0.0,1.0,0.0
1.0,0.0,0.0,0.0,1.0
1.0,1.0,1.0,0.0,0.0
1.0,0.0,0.0,1.0,1.0
0.0,0.0,0.0,1.0,0.0
1.0,0.0,0.0,1.0,1.0
0.0,0.0,1.0,1.0,0.0
0.0,0.0,0.0,0.0,0.0
0.0,0.0,1.0,0.0,1.0
0.0,0.0,1.0,1.0,0.0
0.0,0.0,1.0,1.0,0.0
0.0,1.0,0.0,1.0,0.0
0.0,0.0,0.0,0.0,1.0
0.0,1.0,1.0,0.0,0.0
0.0,0.0,0.0,1.0,1.0
0.0,0.0,0.0,1.0,1.0
0.0,0.0,0.0,0.0,0.0
1.0,0.0,0.0,1.0,0.0
0.0,1.0,0.0,1.0,1.0
0.0,1.0,1.0,0.0,0.0
1.0,0.0,1.0,0.0,0.0
0.0,0.0,1.0,0.0,1.0
0.0,0.0,0.0,0.0,1.0
1.0,0.0,0.0,0.0,0.0
0.0,0.0,1.0,1.0,0.0
0.0,0.0,0.0,1.0,0.0
1.0,0.0,0.0,0.0,0.0
0.0,0.0,1.0,0.0,0.0
1.0,0.0,1.0,0.0,1.0
0.0,0.0,1.0,1.0,0.0
0.0,0.0,1.0,0.0,0.0
0.0,0.0,1.0,0.0,0.0
1.0,1.0,1.0,0.0,1.0
0.0,0.0,1.0,0.0,0.0
0.0,0.0,0.0,0.0,0.0
1.0,0.0,0.0,0.0,0.0
0.0,0.0,1.0,1.0,0.0
0.0,0.0,1.0,1.0,1.0
0.0,1.0,1.0,0.0,0.0
0.0,0.0,0.0,0.0,1.0
0.0,0.0,1.0,0.0,1.0
0.0,0.0,0.0,1.0,0.0
0.0,1.0,0.0,0.0,0.0
0.0,0.0,0.0,0.0,1.0
1.0,0.0,1.0,0.0,1.0
0.0,0.0,1.0,0.0,0.0
1.0,0.0,1.0,0.0,0.0
0.0,1.0,1.0,1.0,0.0
0.0,0.0,0.0,0.0,0.0
0.0,1.0,0.0,1.0,1.0
0.0,0.0,1.0,1.0,1.0
1.0,0.0,1.0,0.0,1.0
0.0,1.0,0.0,0.0,0.0
0.0,0.0,1.0,1.0,1.0
0.0,1.0,0.0,1.0,0.0
1.0,1.0,1.0,0.0,0.0
0.0,1.0,1.0,1.0,0.0
0.0,0.0,1.0,1.0,1.0
0.0,0.0,0.0,1.0,0.0
0.0,0.0,0.0,0.0,0.0
1.0,0.0,1.0,0.0,0.0
0.0,1.0,1.0,1.0,0.0
0.0,1.0,1.0,0.0,1.0
0.0,0.0,0.0,0.0,1.0
0.0,0.0,1.0,1.0,1.0
0.0,1.0,1.0,0.0,0.0
0.0,0.0,1.0,1.0,1.0
1.0,0.0,1.0,0.0,0.0
0.0,0.0,1.0,0.0,1.0
1.0,0.0,1.0,0.0,0.0
0.0,0.0,0.0,0.0,0.0
0.0,0.0,0.0,1.0,0.0
0.0,0.0,1.0,1.0,1.0
0.0,0.0,0.0,0.0,0.0
1.0,1.0,1.0,0.0,0.0
0.0,0.0,0.0,0.0,0.0
1.0,0.0,1.0,1.0,1.0
0.0,1.0,0.0,0.0,0.0
0.0,0.0,0.0,1.0,0.0
1.0,0.0,0.0,0.0,1.0
0.0,0.0,1.0,0.0,1.0
1.0,0.0,0.0,0.0,0.0
1.0,1.0,0.0,0.0,0.0
0.0,0.0,0.0,1.0,0.0
1.0,1.0,0.0,1.0,0.0
1.0,0.0,1.0,0.0,1.0
1.0,1.0,0.0,1.0,0.0
1.0,0.0,0.0,0.0,0.0
1.0,0.0,1.0,1.0,0.0
1.0,1.0,0.0,1.0,0.0
0.0,0.0,0.0,1.0,0.0
0.0,0.0,1.0,0.0,1.0
0.0,0.0,1.0,0.0,1.0
0.0,0.0,0.0,1.0,1.0
1.0,0.0,0.0,0.0,1.0
0.0,0.0,0.0,1.0,1.0
0.0,1.0,0.0,1.0,0.0
0.0,0.0,0.0,1.0,1.0
0.0,0.0,1.0,0.0,1.0
1.0,1.0,1.0,0.0,0.0
1.0,0.0,0.0,0.0,0.0
1.0,1.0,0.0,1.0,0.0
1.0,0.0,0.0,1.0,0.0
1.0,0.0,0.0,1.0,0.0
1.0,0.0,0.0,1.0,0.0
0.0,0.0,0.0,1.0,0.0
1.0,1.0,0.0,1.0,0.0
0.0,1.0,1.0,1.0,0.0
1.0,0.0,1.0,0.0,1.0
0.0,1.0,0.0,1.0,1.0
1.0,0.0,0.0,1.0,0.0
0.0,0.0,0.0,0.0,0.0
0.0,0.0,1.0,1.0,1.0
0.0,0.0,1.0,0.0,0.0
0.0,0.0,1.0,0.0,1.0
0.0,1.0,0.0,1.0,1.0
0.0,0.0,1.0,0.0,0.0
1.0,1.0,0.0,1.0,1.0
0.0,0.0,0.0,0.0,0.0
0.0,0.0,1.0,0.0,1.0
0.0,0.0,0.0,0.0,1.0
0.0,1.0,0.0,1.0,0.0
0.0,0.0,1.0,0.0,0.0
1.0,1.0,0.0,1.0,1.0
1.0,1.0,1.0,1.0,1.0
0.0,0.0,1.0,1.0,1.0
1.0,0.0,1.0,0.0,0.0
0.0,0.0,1.0,1.0,0.0
0.0,0.0,1.0,0.0,0.0
1.0,1.0,1.0,0.0,0.0
1.0,0.0,0.0,1.0,0.0
0.0,0.0,1.0,1.0,0.0
0.0,1.0,0.0,1.0,1.0
1.0,0.0,0.0,0.0,1.0
0.0,0.0,0.0,0.0,1.0
0.0,0.0,0.0,0.0,1.0
1.0,0.0,1.0,0.0,0.0
1.0,0.0,0.0,1.0,0.0
1.0,0.0,1.0,1.0,0.0
0.0,1.0,1.0,0.0,1.0
0.0,0.0,0.0,1.0,0.0
0.0,1.0,0.0,0.0,0.0
0.0,0.0,0.0,0.0,1.0
0.0,1.0,0.0,1.0,0.0
1.0,0.0,0.0,0.0,0.0
0.0,1.0,0.0,1.0,0.0
0.0,1.0,0.0,1.0,0.0
0.0,0.0,0.0,1.0,1.0
1.0,0.0,1.0,0.0,0.0
0.0,0.0,0.0,0.0,1.0
0.0,0.0,0.0,1.0,1.0
0.0,0.0,0.0,1.0,0.0
0.0,1.0,0.0,0.0,0.0
0.0,1.0,0.0,0.0,1.0
0.0,1.0,1.0,0.0,0.0
0.0,0.0,1.0,0.0,1.0
0.0,0.0,0.0,1.0,0.0
0.0,0.0,0.0,1.0,0.0
0.0,1.0,0.0,1.0,1.0
1.0,0.0,1.0,0.0,0.0
0.0,1.0,0.0,1.0,0.0
1.0,0.0,0.0,0.0,0.0
0.0,1.0,0.0,1.0,1.0
1.0,0.0,0.0,0.0,1.0
0.0,1.0,0.0,1.0,1.0
1.0,0.0,0.0,1.0,0.0
0.0,1.0,1.0,0.0,0.0
1.0,0.0,0.0,0.0,0.0
0.0,0.0,0.0,1.0,0.0
0.0,1.0,0.0,0.0,1.0
0.0,1.0,1.0,1.0,0.0
0.0,1.0,0.0,1.0,1.0
0.0,0.0,1.0,1.0,0.0
1.0,0.0,0.0,1.0,0.0
0.0,0.0,1.0,0.0,1.0
1.0,1.0,1.0,0.0,0.0
0.0,1.0,0.0,1.0,1.0
0.0,0.0,1.0,0.0,0.0
1.0,0.0,1.0,0.0,0.0
1.0,0.0,0.0,0.0,0.0
0.0,0.0,0.0,1.0,1.0
1.0,0.0,1.0,1.0,0.0
0.0,1.0,1.0,0.0,0.0
1.0,0.0,1.0,0.0,0.0
0.0,0.0,0.0,1.0,0.0
0.0,1.0,1.0,0.0,0.0
0.0,0.0,0.0,0.0,0.0
1.0,0.0,0.0,1.0,0.0
1.0,0.0,0.0,0.0,0.0
0.0,0.0,1.0,0.0,0.0
0.0,0.0,0.0,0.0,0.0
1.0,1.0,0.0,0.0,1.0
0.0,0.0,1.0,0.0,0.0
0.0,1.0,0.0,1.0,1.0
1.0,0.0,1.0,0.0,0.0
0.0,1.0,0.0,0.0,1.0
0.0,0.0,1.0,1.0,0.0
0.0,0.0,0.0,1.0,1.0
0.0,0.0,0.0,0.0,0.0
1.0,0.0,0.0,0.0,1.0
1.0,0.0,0.0,0.0,0.0
1.0,0.0,0.0,0.0,0.0
1.0,0.0,0.0,0.0,1.0
0.0,0.0,1.0,0.0,1.0
1.0,0.0,0.0,0.0,0.0
0.0,0.0,1.0,0.0,1.0
0.0,0.0,0.0,0.0,0.0
0.0,1.0,0.0,0.0,1.0
0.0,0.0,1.0,0.0,0.0
1.0,0.0,0.0,1.0,1.0
0.0,1.0,1.0,1.0,0.0
0.0,0.0,0.0,0.0,0.0
1.0,0.0,0.0,0.0,0.0
1.0,1.0,0.0,0.0,1.0
0.0,0.0,0.0,0.0,1.0
1.0,0.0,1.0,0.0,1.0
1.0,0.0,0.0,0.0,0.0
1.0,0.0,1.0,0.0,1.0
0.0,1.0,1.0,1.0,1.0
0.0,1.0,0.0,1.0,1.0
0.0,0.0,0.0,0.0,0.0
0.0,0.0,1.0,1.0,0.0
0.0,1.0,0.0,0.0,1.0
0.0,0.0,0.0,1.0,0.0
0.0,0.0,1.0,0.0,1.0
0.0,0.0,1.0,1.0,0.0
1.0,0.0,0.0,0.0,0.0
1.0,1.0,0.0,0.0,1.0
1.0,0.0,0.0,0.0,1.0
0.0,0.0,0.0,0.0,0.0
0.0,0.0,0.0,1.0,0.0
0.0,0.0,1.0,1.0,0.0
1.0,1.0,0.0,0.0,0.0
1.0,0.0,1.0,0.0,1.0
1.0,0.0,1.0,0.0,0.0
0.0,0.0,0.0,0.0,0.0
0.0,0.0,1.0,0.0,1.0
0.0,0.0,0.0,0.0,1.0
0.0,0.0,0.0,0.0,0.0
1.0,0.0,0.0,1.0,1.0
1.0,1.0,0.0,1.0,1.0
0.0,0.0,0.0,1.0,0.0
0.0,0.0,0.0,0.0,0.0
1.0,0.0,0.0,0.0,0.0
1.0,0.0,1.0,0.0,1.0
1.0,1.0,1.0,1.0,1.0
0.0,0.0,0.0,0.0,0.0
1.0,0.0,0.0,1.0,1.0
1.0,1.0,0.0,1.0,1.0
0.0,0.0,0.0,0.0,1.0
1.0,1.0,0.0,0.0,0.0
0.0,0.0,0.0,1.0,0.0
1.0,1.0,1.0,0.0,0.0
1.0,0.0,1.0,1.0,0.0
0.0,0.0,0.0,0.0,0.0
0.0,0.0,1.0,0.0,1.0
1.0,0.0,1.0,0.0,0.0
1.0,0.0,0.0,0.0,0.0
1.0,0.0,0.0,1.0,0.0
0.0,1.0,0.0,1.0,1.0
0.0,0.0,1.0,0.0,0.0
1.0,0.0,0.0,0.0,0.0
0.0,0.0,1.0,1.0,0.0
0.0,0.0,1.0,0.0,0.0
0.0,0.0,1.0,0.0,1.0
0.0,0.0,1.0,0.0,0.0
1.0,0.0,1.0,1.0,0.0
0.0,0.0,0.0,0.0,1.0
0.0,1.0,1.0,0.0,1.0
1.0,0.0,0.0,0.0,1.0
0.0,0.0,1.0,0.0,0.0
1.0,0.0,0.0,1.0,0.0
1.0,1.0,1.0,0.0,0.0
0.0,0.0,0.0,1.0,0.0
0.0,0.0,0.0,0.0,0.0
1.0,0.0,0.0,0.0,0.0
1.0,0.0,1.0,0.0,1.0
0.0,0.0,0.0,0.0,0.0
1.0,0.0,0.0,0.0,0.0
0.0,0.0,0.0,0.0,0.0
1.0,0.0,0.0,0.0,0.0
1.0,0.0,1.0,0.0,0.0
0.0,0.0,0.0,1.0,1.0
0.0,1.0,1.0,0.0,0.0
0.0,0.0,0.0,0.0,1.0
1.0,1.0,1.0,0.0,1.0
1.0,0.0,0.0,0.0,1.0
0.0,1.0,0.0,0.0,1.0
1.0,1.0,1.0,1.0,0.0
1.0,0.0,0.0,1.0,0.0
0.0,0.0,1.0,1.0,0.0
1.0,0.0,0.0,1.0,1.0
1.0,0.0,1.0,1.0,1.0
0.0,0.0,1.0,1.0,1.0
1.0,0.0,0.0,0.0,1.0
0.0,1.0,0.0,0.0,0.0
0.0,0.0,1.0,0.0,1.0
0.0,0.0,1.0,0.0,0.0
0.0,0.0,1.0,0.0,1.0
0.0,0.0,1.0,1.0,0.0
1.0,1.0,0.0,0.0,0.0
0.0,1.0,1.0,0.0,1.0
0.0,1.0,1.0,0.0,1.0
0.0,1.0,1.0,1.0,0.0
0.0,0.0,0.0,1.0,1.0
0.0,0.0,0.0,0.0,0.0
0.0,1.0,0.0,0.0,0.0
0.0,0.0,0.0,1.0,1.0
0.0,0.0,0.0,0.0,0.0
1.0,0.0,1.0,0.0,0.0
0.0,0.0,1.0,0.0,1.0
1.0,0.0,0.0,0.0,0.0
1.0,1.0,0.0,1.0,0.0
1.0,0.0,0.0,0.0,1.0
0.0,0.0,0.0,0.0,0.0
0.0,1.0,1.0,0.0,0.0
0.0,1.0,0.0,0.0,1.0
0.0,0.0,0.0,1.0,0.0
1.0,0.0,0.0,1.0,1.0
0.0,1.0,1.0,1.0,0.0
1.0,0.0,0.0,1.0,1.0
0.0,0.0,0.0,0.0,1.0
0.0,0.0,0.0,0.0,0.0
1.0,0.0,1.0,0.0,0.0
1.0,0.0,0.0,1.0,0.0
1.0,1.0,0.0,1.0,0.0
1.0,0.0,1.0,1.0,0.0
1.0,0.0,0.0,0.0,1.0
0.0,1.0,0.0,0.0,1.0
0.0,0.0,1.0,0.0,0.0
0.0,1.0,0.0,1.0,0.0
1.0,0.0,0.0,0.0,0.0
0.0,0.0,1.0,0.0,1.0
0.0,0.0,0.0,1.0,0.0
0.0,1.0,1.0,1.0,0.0
0.0,0.0,1.0,0.0,0.0
0.0,0.0,1.0,1.0,1.0
0.0,0.0,0.0,1.0,0.0
0.0,1.0,0.0,0.0,1.0
0.0,1.0,1.0,1.0,0.0
1.0,0.0,1.0,0.0,1.0
1.0,1.0,0.0,0.0,1.0
1.0,0.0,0.0,0.0,0.0
0.0,0.0,1.0,1.0,0.0
0.0,0.0,1.0,1.0,0.0
0.0,0.0,0.0,0.0,0.0
0.0,0.0,1.0,1.0,1.0
0.0,1.0,0.0,0.0,1.0
0.0,0.0,1.0,0.0,1.0
1.0,0.0,0.0,0.0,0.0
0.0,0.0,0.0,0.0,1.0
1.0,1.0,1.0,0.0,0.0
0.0,1.0,1.0,1.0,1.0
1.0,0.0,0.0,0.0,0.0
0.0,0.0,0.0,0.0,1.0
0.0,0.0,1.0,1.0,1.0
1.0,0.0,0.0,1.0,0.0
0.0,0.0,1.0,1.0,1.0
1.0,0.0,0.0,1.0,0.0
1.0,0.0,0.0,0.0,0.0
0.0,0.0,0.0,0.0,0.0
1.0,0.0,0.0,1.0,1.0
0.0,0.0,1.0,0.0,1.0
1.0,1.0,0.0,1.0,1.0
1.0,0.0,1.0,0.0,1.0
1.0,0.0,1.0,0.0,1.0
0.0,0.0,0.0,0.0,0.0
1.0,1.0,0.0,1.0,1.0
1.0,0.0,1.0,1.0,1.0
0.0,0.0,1.0,0.0,0.0
0.0,0.0,1.0,0.0,0.0
0.0,0.0,0.0,1.0,0.0
1.0,0.0,0.0,1.0,1.0
0.0,1.0,0.0,1.0,0.0
0.0,1.0,0.0,0.0,1.0
0.0,0.0,0.0,1.0,1.0
0.0,0.0,1.0,0.0,1.0
0.0,0.0,1.0,0.0,1.0
1.0,0.0,1.0,0.0,1.0
0.0,0.0,0.0,0.0,0.0
1.0,1.0,1.0,0.0,0.0
1.0,0.0,0.0,0.0,0.0
0.0,0.0,0.0,0.0,0.0
1.0,0.0,0.0,1.0,1.0
0.0,1.0,0.0,1.0,1.0
0.0,0.0,0.0,1.0,0.0
0.0,1.0,1.0,1.0,0.0
0.0,0.0,0.0,1.0,1.0
1.0,0.0,0.0,0.0,1.0
0.0,0.0,1.0,0.0,0.0
0.0,0.0,0.0,1.0,0.0
1.0,0.0,0.0,1.0,1.0
0.0,1.0,1.0,0.0,0.0
1.0,0.0,0.0,0.0,0.0
0.0,0.0,0.0,0.0,0.0
1.0,0.0,0.0,1.0,1.0
0.0,0.0,1.0,0.0,0.0
0.0,1.0,1.0,0.0,1.0
1.0,1.0,0.0,1.0,1.0
0.0,1.0,1.0,1.0,0.0
0.0,0.0,1.0,0.0,1.0
0.0,0.0,0.0,0.0,1.0
1.0,0.0,0.0,1.0,0.0
0.0,0.0,0.0,1.0,0.0
0.0,1.0,0.0,0.0,0.0
1.0,0.0,1.0,0.0,1.0
0.0,0.0,0.0,0.0,1.0
0.0,0.0,1.0,0.0,1.0
1.0,1.0,0.0,0.0,1.0
1.0,0.0,1.0,1.0,0.0
1.0,0.0,1.0,0.0,0.0
0.0,1.0,1.0,0.0,1.0
1.0,0.0,0.0,0.0,0.0
1.0,1.0,1.0,0.0,1.0
1.0,0.0,0.0,0.0,0.0
1.0,0.0,0.0,1.0,0.0
0.0,1.0,1.0,0.0,0.0
0.0,0.0,1.0,1.0,1.0
0.0,1.0,0.0,0.0,0.0
0.0,0.0,1.0,0.0,1.0
1.0,0.0,1.0,1.0,0.0
0.0,0.0,1.0,0.0,1.0
0.0,0.0,1.0,0.0,0.0
1.0,0.0,0.0,1.0,1.0
1.0,0.0,0.0,1.0,0.0
1.0,1.0,1.0,0.0,0.0
1.0,0.0,0.0,0.0,1.0
1.0,0.0,0.0,0.0,1.0
0.0,0.0,0.0,1.0,1.0
0.0,0.0,0.0,0.0,0.0
0.0,0.0,1.0,0.0,1.0
0.0,0.0,0.0,1.0,1.0
0.0,0.0,1.0,1.0,0.0
1.0,1.0,0.0,1.0,1.0
1.0,0.0,1.0,0.0,1.0
0.0,1.0,1.0,0.0,0.0
0.0,0.0,0.0,0.0,1.0
0.0,0.0,1.0,0.0,0.0
0.0,1.0,0.0,1.0,1.0
0.0,0.0,1.0,1.0,1.0
0.0,1.0,1.0,0.0,0.0
0.0,1.0,0.0,0.0,0.0
0.0,0.0,1.0,1.0,1.0
0.0,0.0,1.0,1.0,0.0
1.0,0.0,0.0,0.0,0.0
0.0,0.0,0.0,1.0,0.0
1.0,1.0,0.0,1.0,0.0
0.0,0.0,1.0,0.0,0.0
1.0,0.0,0.0,1.0,1.0
0.0,0.0,1.0,0.0,1.0
1.0,1.0,0.0,1.0,0.0
1.0,0.0,0.0,1.0,0.0
0.0,0.0,1.0,1.0,0.0
1.0,1.0,0.0,0.0,0.0
0.0,0.0,1.0,0.0,0.0
0.0,1.0,1.0,0.0,1.0
0.0,0.0,1.0,0.0,0.0
0.0,1.0,0.0,1.0,0.0
0.0,1.0,1.0,0.0,0.0
1.0,0.0,1.0,0.0,0.0
0.0,0.0,0.0,1.0,0.0
0.0,1.0,0.0,0.0,1.0
1.0,0.0,0.0,1.0,0.0
0.0,0.0,0.0,1.0,0.0
0.0,1.0,0.0,1.0,0.0
1.0,0.0,0.0,0.0,1.0
0.0,1.0,0.0,0.0,1.0
0.0,0.0,1.0,0.0,0.0
0.0,0.0,0.0,1.0,0.0
0.0,0.0,0.0,0.0,0.0
0.0,0.0,0.0,1.0,1.0
1.0,1.0,0.0,0.0,1.0
0.0,0.0,0.0,1.0,1.0
0.0,0.0,0.0,1.0,0.0
0.0,0.0,0.0,0.0,1.0
1.0,0.0,1.0,0.0,1.0
0.0,0.0,1.0,0.0,1.0
0.0,0.0,1.0,0.0,0.0
1.0,0.0,0.0,0.0,0.0
1.0,0.0,0.0,1.0,1.0
1.0,0.0,0.0,0.0,0.0
0.0,0.0,0.0,1.0,0.0
0.0,0.0,1.0,0.0,0.0
1.0,0.0,0.0,1.0,1.0
1.0,0.0,0.0,1.0,0.0
1.0,0.0,0.0,0.0,0.0
0.0,1.0,0.0,1.0,1.0
1.0,0.0,0.0,0.0,0.0
0.0,0.0,0.0,1.0,0.0
0.0,0.0,1.0,0.0,0.0
1.0,1.0,0.0,1.0,0.0
1.0,0.0,0.0,0.0,1.0
0.0,0.0,1.0,0.0,0.0
0.0,0.0,1.0,0.0,1.0
0.0,0.0,0.0,0.0,1.0
0.0,0.0,0.0,1.0,0.0
1.0,0.0,1.0,0.0,0.0
1.0,0.0,0.0,1.0,0.0
0.0,0.0,0.0,1.0,0.0
1.0,0.0,0.0,0.0,1.0
1.0,1.0,0.0,0.0,1.0
1.0,1.0,1.0,0.0,1.0
1.0,0.0,0.0,0.0,1.0
1.0,0.0,0.0,0.0,1.0
1.0,0.0,0.0,0.0,0.0
0.0,0.0,0.0,1.0,1.0
0.0,1.0,1.0,0.0,0.0
0.0,0.0,1.0,0.0,0.0
0.0,0.0,0.0,1.0,0.0
1.0,1.0,0.0,0.0,1.0
1.0,0.0,1.0,0.0,0.0
1.0,0.0,0.0,0.0,0.0
0.0,0.0,0.0,1.0,1.0
0.0,0.0,0.0,1.0,0.0
0.0,1.0,1.0,0.0,1.0
0.0,0.0,1.0,0.0,0.0
0.0,0.0,1.0,1.0,0.0
0.0,0.0,1.0,0.0,0.0
0.0,0.0,1.0,0.0,0.0
0.0,0.0,1.0,0.0,0.0
1.0,1.0,0.0,1.0,1.0
1.0,0.0,0.0,0.0,1.0
0.0,0.0,1.0,1.0,0.0
1.0,1.0,1.0,1.0,1.0
0.0,1.0,0.0,1.0,1.0
0.0,0.0,1.0,0.0,1.0
0.0,0.0,0.0,1.0,1.0
1.0,0.0,0.0,0.0,0.0
0.0,0.0,1.0,0.0,1.0
1.0,0.0,0.0,1.0,0.0
1.0,0.0,1.0,0.0,1.0
0.0,0.0,0.0,0.0,0.0
0.0,0.0,1.0,0.0,0.0
1.0,0.0,0.0,1.0,0.0
0.0,0.0,1.0,1.0,0.0
1.0,1.0,0.0,1.0,1.0
1.0,0.0,1.0,0.0,0.0
1.0,0.0,0.0,0.0,0.0
0.0,1.0,0.0,0.0,0.0
1.0,0.0,0.0,0.0,0.0
1.0,0.0,1.0,0.0,0.0
0.0,0.0,1.0,1.0,0.0
0.0,1.0,0.0,1.0,1.0
1.0,1.0,0.0,1.0,0.0
0.0,0.0,1.0,1.0,1.0
0.0,0.0,1.0,1.0,0.0
0.0,0.0,1.0,0.0,1.0
1.0,1.0,0.0,0.0,0.0
1.0,0.0,0.0,1.0,1.0
1.0,1.0,0.0,1.0,1.0
0.0,1.0,1.0,0.0,1.0
0.0,0.0,0.0,1.0,0.0
0.0,1.0,1.0,1.0,1.0
1.0,0.0,0.0,0.0,0.0
0.0,0.0,1.0,1.0,0.0
1.0,0.0,0.0,0.0,1.0
0.0,1.0,1.0,0.0,0.0
1.0,0.0,0.0,0.0,0.0
0.0,1.0,0.0,1.0,0.0
1.0,0.0,0.0,1.0,0.0
0.0,1.0,0.0,1.0,1.0
0.0,1.0,0.0,0.0,1.0
1.0,0.0,1.0,0.0,0.0
0.0,1.0,0.0,1.0,0.0
1.0,0.0,0.0,0.0,1.0
1.0,1.0,0.0,0.0,1.0
1.0,0.0,0.0,0.0,0.0
0.0,0.0,0.0,0.0,0.0
1.0,0.0,0.0,0.0,1.0
0.0,0.0,1.0,1.0,1.0
0.0,0.0,1.0,0.0,0.0
0.0,1.0,1.0,0.0,0.0
0.0,0.0,0.0,1.0,0.0
0.0,0.0,1.0,1.0,1.0
0.0,0.0,1.0,0.0,0.0
1.0,0.0,0.0,1.0,0.0
0.0,0.0,0.0,1.0,0.0
0.0,0.0,0.0,0.0,1.0
0.0,0.0,0.0,1.0,0.0
0.0,0.0,0.0,0.0,0.0
0.0,1.0,1.0,1.0,0.0
0.0,1.0,1.0,0.0,1.0
0.0,0.0,1.0,1.0,0.0
1.0,0.0,0.0,0.0,1.0
1.0,1.0,0.0,1.0,0.0
1.0,0.0,1.0,0.0,1.0
0.0,0.0,0.0,0.0,1.0
0.0,1.0,0.0,1.0,1.0
1.0,0.0,0.0,0.0,0.0
0.0,1.0,0.0,0.0,1.0
0.0,0.0,0.0,0.0,1.0
1.0,0.0,0.0,1.0,1.0
1.0,0.0,0.0,0.0,0.0
0.0,0.0,0.0,0.0,0.0
1.0,0.0,0.0,1.0,0.0
0.0,0.0,0.0,1.0,1.0
1.0,0.0,0.0,0.0,0.0
1.0,0.0,0.0,0.0,1.0
0.0,1.0,1.0,0.0,1.0
1.0,0.0,1.0,1.0,0.0
1.0,0.0,1.0,0.0,0.0
0.0,0.0,0.0,0.0,0.0
0.0,0.0,0.0,1.0,1.0
1.0,0.0,0.0,0.0,1.0
1.0,0.0,0.0,1.0,1.0
1.0,0.0,0.0,0.0,1.0
0.0,0.0,0.0,1.0,0.0
1.0,1.0,0.0,1.0,0.0
0.0,1.0,0.0,0.0,1.0
0.0,0.0,0.0,0.0,0.0
1.0,0.0,1.0,1.0,0.0
0.0,1.0,0.0,1.0,1.0
0.0,0.0,0.0,0.0,1.0
0.0,0.0,0.0,0.0,0.0
1.0,0.0,1.0,1.0,1.0
1.0,0.0,1.0,0.0,0.0
0.0,1.0,0.0,1.0,1.0
0.0,1.0,1.0,0.0,1.0
0.0,1.0,1.0,0.0,1.0
0.0,0.0,1.0,0.0,1.0
0.0,0.0,1.0,0.0,1.0
1.0,0.0,1.0,1.0,0.0
0.0,0.0,1.0,1.0,0.0
0.0,0.0,0.0,0.0,0.0
0.0,0.0,0.0,1.0,0.0
1.0,0.0,1.0,0.0,1.0
1.0,0.0,0.0,1.0,1.0
1.0,0.0,0.0,0.0,1.0
1.0,1.0,0.0,0.0,1.0
0.0,1.0,1.0,0.0,1.0
0.0,0.0,0.0,1.0,0.0
0.0,0.0,0.0,1.0,0.0
0.0,0.0,0.0,1.0,1.0
1.0,1.0,0.0,0.0,1.0
0.0,0.0,1.0,1.0,1.0
0.0,1.0,0.0,1.0,1.0
1.0,1.0,0.0,1.0,1.0
0.0,0.0,0.0,1.0,1.0
1.0,0.0,1.0,0.0,1.0
0.0,0.0,1.0,1.0,1.0
1.0,1.0,1.0,1.0,0.0
0.0,1.0,1.0,1.0,0.0
0.0,0.0,0.0,1.0,0.0
1.0,0.0,1.0,0.0,1.0
0.0,1.0,0.0,0.0,0.0
1.0,0.0,0.0,0.0,0.0
0.0,1.0,0.0,0.0,1.0
0.0,1.0,0.0,0.0,1.0
0.0,1.0,1.0,0.0,0.0
0.0,1.0,1.0,1.0,1.0
0.0,0.0,1.0,1.0,1.0
1.0,1.0,0.0,0.0,1.0
0.0,0.0,0.0,1.0,0.0
1.0,0.0,0.0,0.0,0.0
1.0,0.0,1.0,0.0,0.0
0.0,0.0,0.0,1.0,1.0
1.0,0.0,0.0,1.0,0.0
1.0,0.0,0.0,0.0,1.0
0.0,0.0,0.0,1.0,1.0
0.0,0.0,1.0,0.0,1.0
0.0,1.0,1.0,1.0,0.0
1.0,0.0,0.0,0.0,0.0
0.0,0.0,0.0,1.0,0.0
0.0,0.0,0.0,1.0,1.0
0.0,0.0,0.0,1.0,1.0
1.0,0.0,0.0,0.0,1.0
0.0,0.0,1.0,0.0,1.0
0.0,1.0,0.0,0.0,1.0
0.0,1.0,0.0,1.0,0.0
1.0,1.0,0.0,1.0,1.0
1.0,0.0,0.0,0.0,0.0
1.0,0.0,0.0,1.0,1.0
0.0,0.0,1.0,0.0,0.0
1.0,0.0,1.0,0.0,1.0
1.0,0.0,0.0,0.0,0.0
0.0,0.0,0.0,1.0,1.0
0.0,0.0,1.0,0.0,0.0
1.0,0.0,0.0,1.0,0.0
1.0,1.0,1.0,0.0,0.0
1.0,1.0,1.0,0.0,0.0
1.0,0.0,0.0,1.0,1.0
1.0,1.0,0.0,1.0,0.0
0.0,0.0,1.0,0.0,0.0
1.0,0.0,0.0,0.0,0.0
0.0,0.0,1.0,0.0,1.0
0.0,0.0,0.0,1.0,1.0
0.0,0.0,1.0,0.0,0.0
0.0,0.0,1.0,0.0,0.0
0.0,0.0,1.0,0.0,0.0
1.0,0.0,0.0,0.0,1.0
0.0,0.0,0.0,0.0,0.0
1.0,1.0,0.0,0.0,1.0
1.0,0.0,0.0,1.0,1.0
0.0,0.0,0.0,0.0,1.0
0.0,0.0,1.0,0.0,0.0
1.0,0.0,1.0,0.0,0.0
0.0,0.0,0.0,0.0,1.0
1.0,0.0,0.0,0.0,0.0
0.0,0.0,0.0,0.0,1.0
1.0,0.0,0.0,0.0,0.0
0.0,1.0,1.0,1.0,0.0
0.0,0.0,1.0,1.0,1.0
0.0,1.0,0.0,0.0,0.0
1.0,0.0,0.0,1.0,0.0
0.0,0.0,1.0,1.0,0.0
1.0,0.0,0.0,1.0,0.0
0.0,0.0,0.0,0.0,1.0
0.0,1.0,0.0,1.0,0.0
1.0,0.0,0.0,1.0,1.0
0.0,0.0,1.0,0.0,1.0
0.0,0.0,0.0,0.0,1.0
0.0,0.0,1.0,1.0,0.0
0.0,0.0,0.0,0.0,0.0
0.0,0.0,0.0,0.0,1.0
0.0,0.0,0.0,0.0,1.0
1.0,0.0,1.0,0.0,0.0
1.0,0.0,0.0,0.0,0.0
1.0,0.0,0.0,0.0,1.0
1.0,1.0,0.0,0.0,0.0
1.0,1.0,0.0,0.0,0.0
1.0,0.0,0.0,0.0,1.0
0.0,0.0,0.0,1.0,0.0
0.0,0.0,1.0,0.0,1.0
1.0,1.0,0.0,0.0,0.0
0.0,0.0,0.0,1.0,0.0
0.0,0.0,1.0,1.0,0.0
0.0,0.0,0.0,1.0,0.0
0.0,0.0,1.0,1.0,1.0
0.0,0.0,1.0,1.0,1.0
1.0,0.0,0.0,0.0,1.0
0.0,0.0,1.0,0.0,0.0
0.0,0.0,0.0,0.0,0.0
0.0,0.0,0.0,1.0,0.0
0.0,0.0,1.0,1.0,0.0
1.0,0.0,0.0,1.0,0.0
0.0,1.0,0.0,0.0,0.0
1.0,1.0,1.0,0.0,0.0
1.0,0.0,0.0,0.0,0.0
0.0,0.0,0.0,0.0,1.0
0.0,0.0,0.0,1.0,0.0
0.0,0.0,0.0,1.0,0.0
0.0,0.0,1.0,0.0,1.0
0.0,1.0,1.0,0.0,0.0
1.0,0.0,1.0,0.0,1.0
1.0,0.0,0.0,1.0,0.0
0.0,0.0,1.0,0.0,0.0
1.0,0.0,1.0,0.0,0.0
1.0,0.0,0.0,0.0,0.0
0.0,1.0,0.0,1.0,1.0
0.0,0.0,0.0,0.0,0.0
1.0,1.0,0.0,1.0,0.0
0.0,1.0,0.0,1.0,0.0
0.0,0.0,1.0,0.0,0.0
1.0,0.0,1.0,0.0,0.0
1.0,0.0,1.0,0.0,0.0
1.0,0.0,0.0,0.0,0.0
1.0,0.0,0.0,0.0,1.0
0.0,0.0,1.0,0.0,0.0
0.0,1.0,0.0,0.0,0.0
0.0,1.0,1.0,1.0,0.0
1.0,1.0,1.0,0.0,0.0
1.0,0.0,0.0,0.0,1.0
1.0,0.0,0.0,0.0,0.0
0.0,1.0,0.0,0.0,0.0
